,train_min,train_mean,train_max,train_std,test_min,test_mean,test_max,test_std
gappyKernel,0.9418604651162791,0.9740813953488372,1.0,0.011225351581037496,0.41379310344827586,0.7693620689655173,1.0,0.07500509495179447
mismatchKernel,0.9186046511627907,0.9638430232558142,1.0,0.012560883367346839,0.4482758620689655,0.7745793103448275,1.0,0.07275956985816574
spectrumKernel,0.9302325581395349,0.9749302325581395,1.0,0.011244035736471569,0.41379310344827586,0.7661,1.0,0.07527242943189931
