#	alphatic	aromatic	postivecharge	negativecharge	uncharge
test_enz_0	0.3719512195121951	0.07621951219512195	0.13719512195121952	0.14939024390243902	0.2652439024390244
test_enz_1	0.3780487804878049	0.07317073170731707	0.14634146341463414	0.1402439024390244	0.2621951219512195
test_enz_2	0.38414634146341464	0.07317073170731707	0.14634146341463414	0.1402439024390244	0.25609756097560976
test_enz_3	0.3871951219512195	0.07317073170731707	0.14634146341463414	0.13719512195121952	0.25609756097560976
test_enz_4	0.3871951219512195	0.07317073170731707	0.14634146341463414	0.13719512195121952	0.25609756097560976
test_enz_5	0.35802469135802467	0.07407407407407407	0.14506172839506173	0.13271604938271606	0.29012345679012347
test_enz_6	0.3549382716049383	0.07716049382716049	0.1419753086419753	0.13580246913580246	0.29012345679012347
test_enz_7	0.3614457831325301	0.06927710843373494	0.13855421686746988	0.12349397590361445	0.3072289156626506
test_enz_8	0.3614457831325301	0.06927710843373494	0.13855421686746988	0.12349397590361445	0.3072289156626506
