,train_min,train_mean,train_max,train_std,test_min,test_mean,test_max,test_std
gappyKernel,0.9302325581395349,0.9687093023255816,1.0,0.012070187517894815,0.4827586206896552,0.758344827586207,0.9655172413793104,0.07387633076516871
mismatchKernel,0.9069767441860465,0.9503604651162793,0.9883720930232558,0.013781100821755267,0.4827586206896552,0.7621724137931035,0.9655172413793104,0.07220323245981207
spectrumKernel,0.9302325581395349,0.9702093023255816,1.0,0.011732990288673861,0.4827586206896552,0.7567586206896552,0.9655172413793104,0.07422275820736945
