,train_min,train_mean,train_max,train_std,test_min,test_mean,test_max,test_std
gappyKernel,0.7011494252873564,0.7803183908045976,0.8735632183908046,0.02371019123048194,0.3448275862068966,0.6634137931034484,0.9310344827586207,0.07844262200164061
mismatchKernel,0.7011494252873564,0.7782850574712644,0.8735632183908046,0.023514565302062473,0.3448275862068966,0.6660137931034483,0.9310344827586207,0.07814855696687403
spectrumKernel,0.7241379310344828,0.7961747126436781,0.9080459770114943,0.02460845226427652,0.3448275862068966,0.6688551724137931,0.9310344827586207,0.07647984945183915
