,min,mean,max,std
AutoPos,0.27586206896551724,0.7021310344827586,0.9655172413793104,0.08050303175212835
NG,0.3793103448275862,0.7116517241379311,0.9655172413793104,0.08056270288609929
GAANG,0.4482758620689655,0.7534724137931035,0.9655172413793104,0.07311653680813729
Ensemble,0.4482758620689655,0.7497241379310344,0.9655172413793104,0.07258793510924866
