,min,mean,max,std
AutoPos,0.5172413793103449,0.8626379310344828,1.0,0.05638355725858369
NG,0.5862068965517241,0.8505206896551722,1.0,0.06496447387331131
GAANG,0.5862068965517241,0.8537724137931034,1.0,0.062312850740595546
Ensemble,0.5862068965517241,0.868141379310345,1.0,0.059425397529856296
