,train_min,train_mean,train_max,train_std,test_min,test_mean,test_max,test_std
mismatchKernel,0.8604651162790697,0.9050000000000001,0.9534883720930233,0.020143817687374305,0.4827586206896552,0.7148275862068965,0.9655172413793104,0.0877591287838418
spectrumKernel,0.8604651162790697,0.9158139534883724,0.9767441860465116,0.02291140318465175,0.4482758620689655,0.7444827586206896,0.896551724137931,0.07477194816945647
gappyKernel,0.8488372093023255,0.9108139534883722,0.9767441860465116,0.023374985358463496,0.4482758620689655,0.7368965517241379,0.896551724137931,0.07293001548159074
